Date of update: 13 July 2023,,,,,,,,,,,,,,,,,,,,,,,,,,,,,,,,,,,,,,,,,,,,,,,,,,
Next update: July 2024,,,,,,,,,,,,,,,,,,,,,,,,,,,,,,,,,,,,,,,,,,,,,,,,,,
,,,,,,,,,,,,,,,,,,,,,,,,,,,,,,,,,,,,,,,,,,,,,,,,,,
Data for Tables 5.1 to 5.2 and Figures 5.1 to 5.3: Total Factor Productivity volume indices (a)(b),,,,,,,,,,,,,,,,,,,,,,,,,,,,,,,,,,,,,,,,,,,,,,,,,,
,,,,,,,,,,,,,,,,,,,,,,,,,,,,,,,,,,,,,,,,,,,,,,,,,,
Enquiries: Tim Buttanshaw on +44 (0)20 8026 3601,,,,,,Email: farmaccounts@defra.gov.uk,,,,,,,,,,,,,,,,,,,,,,,,,,,,,,,,,,,,,,,,,,,,
,,,,,,,,,,,,,,,,,,,,,,,,,,,,,,,,,,,,,,,,,,,,,,,,,,
1973 = 100,,,,,,,,,,,,,,,,,,,,,,,,,,,,,,,,,,,,,,,,,,,,,,,,,,
Year,1973,1974,1975,1976,1977,1978,1979,1980,1981,1982,1983,1984,1985,1986,1987,1988,1989,1990,1991,1992,1993,1994,1995,1996,1997,1998,1999,2000,2001,2002,2003,2004,2005,2006,2007,2008,2009,2010,2011,2012,2013,2014,2015,2016,2017,2018,2019,2020,2021,2022
1 Output of cereals,100,106.495638678262,96.8612860812187,89.4774688593819,110.017057483119,119.097829138428,123.21438244635,145.505544608007,153.275034546858,175.450259907402,163.978458838956,212.499766435144,188.895490259493,192.280900516198,166.389098138768,168.419632908046,189.043769484633,176.618475425937,176.307460228154,176.870948401477,157.620833211162,162.140591586184,182.915545258585,204.550063708859,188.221993278451,180.75060671997,177.072378955753,196.811562378253,151.48198539115,187.644325923636,172.455838874476,175.194527484573,166.304728379616,165.679444949197,153.575646620198,200.865658543833,176.23272425662,172.121387421835,180.800375853336,159.446116723869,159.185467763608,204.371418035538,207.87303955948,183.962100785148,187.381858861849,167.727641159517,206.282808124544,143.027316951892,175.49772031853,183.789535120206
wheat,100,111.061991239022,98.0201372033673,92.5359090044539,99.8148737201609,118.013991073559,136.718803387828,167.555883404449,169.366646070944,206.454682319005,201.813659051878,284.232841394597,249.910956688399,265.244754995929,231.971252989141,229.346493096397,275.190352648963,273.22117770171,289.981484288854,274.134775782833,253.053708420148,261.843730413377,286.628189549948,320.183212312905,290.65746563498,297.231087871483,288.830550985281,332.546382415499,230.012673241895,318.490583745646,277.956097556145,293.801833059317,282.585055022652,281.726392899248,253.518565494824,332.257377692319,273.361925373105,292.157063260606,304.483966532604,257.804953548647,221.868376222114,320.422202392686,320.214117829939,282.738719271405,284.765281502135,254.079302045381,307.52572544733,175.039016311311,262.137394599539,266.115914812138
rye ,100,80,80,90,130,160,140,140,140,140,140,140,140,140,170,150,180,190,190,240,230,260,280,290,290,230,230,220,230,200,190,190,190,190,190,190,190,220,220,150,200,200,200,200,170,200,200,170,160,160
barley,100,102.990298962191,96.8473983340637,86.7067705524093,118.94676794432,120.66554946434,112.153581525741,125.370433638734,139.555482633681,148.506655178257,131.20741898468,150.647563182621,134.806825337873,128.527408564259,108.022853557227,112.35366546549,113.120975176656,91.0426427041625,76.935439398863,91.2708791014111,73.1530322393887,72.6700012934319,89.0201599148311,100.852341208494,95.5898583489355,76.3415128426543,77.8669954449719,75.4418050625329,78.6962893181451,67.4892862912529,74.4916724179584,67.5997009119533,61.6390091405084,58.2295711304619,59.7391425046397,78.803204698732,83.9959526134154,59.5024199534091,65.878620097834,66.1973243411372,91.6614795808922,91.2552612362284,97.9444024652567,85.8128303856518,90.3955515171606,79.4757255466637,104.156616567897,101.611030558846,84.2887886095215,94.0055218309467
oats and summer cereal mixtures,100,87.6934669373683,62.6791000427584,83.1934812941136,103.254030757281,80.3632241399286,53.0654907389775,91.2796340288105,81.9895209995745,86.1393446338657,72.7702838587389,84.8182746520233,103.480075170359,82.9885866951733,88.4694071465478,122.31654841665,96.9654847836118,113.117837592394,97.6416507869313,114.887116766434,106.424520165638,132.609372760138,148.779441111346,145.989785640332,146.333454353849,138.189097614281,110.814204874155,151.13068681958,141.953234859566,187.861491616385,180.352909974083,139.147465929287,116.617047546649,174.649132901109,168.839092551233,195.931196883266,179.883341766442,163.858437509662,150.965234105467,152.897186963062,246.672174742272,187.512360821982,195.833853630152,199.163892935194,201.62776992991,219.658236610162,232.615482268116,293.927714255828,247.231287846476,302.081173741715
other cereals,100,100,100,100,100,100,100,100,100,100,100,100,100,100,100,100,100,144.501270656508,94.6003515038288,88.7209754108063,81.746166942543,75.9215442438086,91.4350780600582,72.7057246888495,68.2604169856126,56.2911512505072,87.2497741674889,105.953112641451,78.9505305892846,116.227387034984,114.218270492492,109.967724301874,111.238938331808,111.232595101336,93.5163860611572,106.692579798609,165.371571407053,137.628636594951,136.966357487829,128.396344314144,145.898887356107,144.664036790126,122.842199328065,107.055801950884,130.751510588209,166.554148997795,190.962687299753,233.008855859907,229.814717774329,223.581777086946
2 Output of industrial crops dissertation,100,77.1715161641324,81.0831257828261,94.1849619098148,100.538381655073,110.136166156201,122.676570845565,123.109008184179,129.135705242962,172.657849230851,149.918726071987,202.772491996198,191.321489550723,210.960605651396,244.428000326014,246.266354301731,223.81751584356,206.565631848508,262.937458826904,276.511467262384,271.471819845815,252.17287237113,239.435310959748,280.243883352554,303.941472948072,292.271158856632,316.331469395213,249.103876455221,247.579203945746,276.795148442102,297.712071556137,284.029680661693,302.653209208256,274.924842980694,270.042069714069,294.379247773167,311.866328029643,313.404633189555,370.634877005108,331.724552173387,309.07428736425,349.615926526417,343.104588573056,263.517269049152,331.758896102649,286.683289656516,273.128327638152,194.831282331695,210.612916454158,237.535971634681
oil seeds ,100,170.967741935484,216.129032258064,358.064516129032,458.064516129032,496.774193548387,638.709677419355,967.741935483871,1096.60595084245,1869.72827143632,1811.7714684275,2978.43689548715,2898.31982925987,3137.74976560088,4285.04655837963,3379.8602201456,3116.61064270821,2436.43766306956,4399.87057944867,4273.14370960055,3626.86902959706,3730.71593513196,3659.6168192142,4203.95487909743,4601.91546374293,4815.306821066,5520.41509810135,3305.4509671859,3314.46698620413,4097.24893831624,5067.86064809335,4625.13427984,5545.84723889486,5395.24613888791,5909.68841162552,6166.81487375695,6185.8063778341,7107.76493657662,8736.34417225107,8024.65251461381,6769.70065641682,7697.8915711685,7911.57759260927,5548.28976278647,6810.90644305872,6320.63304027386,5459.5803439805,3369.62717090724,3242.22137485346,4397.12984641234
oilseed rape,100,170.967741935484,216.129032258064,358.064516129032,458.064516129032,496.774193548387,638.709677419355,967.741935483871,1096.77419354839,1870.96774193548,1812.90322580645,2980.96774193548,2892.58064516129,3115.48387096774,4267.1935483871,3332.61404070128,3051.54095768963,2336.50003127434,4139.58372862531,3913.29397710806,3318.36726685552,3646.23667061671,3601.75854523363,4152.73621201242,4515.97236606247,4642.89894378346,4973.47719215719,3342.5027714289,3365.03105811854,4252.58902457151,5141.57367984016,4694.19650780602,5533.26913104955,5508.50797489892,6140.16429085421,6376.71663726588,6303.06521080164,7206.53600610116,8913.2213102901,8261.57718422566,6876.91218210457,7947.91245502052,8215.72563965622,5734.83362049443,7001.33890917519,6502.07525129223,5660.88351765238,3353.17133936756,3169.25138774212,4399.16931248911
other oil seeds,100,100,100,100,100,100,100,100,100,127.272727272727,127.272727272727,172.727272727273,509.090909090909,1200,1000,2390.90909090909,3127.27272727273,5098.53272727273,14780.8838181818,20488.0756363636,17522.0585454546,8502.93482181819,7331.76089545455,7863.80754630101,9655.25849181819,13018.0187209091,27484.1039363637,3880.03351202756,3455.0931530308,1475.89729153705,5318.02839529119,4801.70096293751,8126.02887991855,4579.20452659074,1785.67713704563,2693.9149839315,4924.99521617191,6535.84727272728,6462.12272727273,3793.63636363637,5648.23636363637,3568.88454545455,2597.02881818182,2561.93709090909,4325.72954545455,3884.18863636364,2264.2837612111,4872.98094224514,6352.89581314797,4703.92028427037
protein crops,100,126.206649925096,122.752233752714,79.1899318659076,102.767729568638,113.317052934497,140.656884966789,95.8558986284595,117.788804464886,95.1050795839845,131.951690505099,186.964541843176,226.379715643538,304.001315590881,334.426685158508,504.761106214246,388.421794822196,424.799674290476,368.664711889311,372.808923570422,493.18318199603,410.118017541964,330.467098867061,330.889101034643,393.857111613264,389.509439817462,400.094593342598,418.337585478271,515.19357027651,447.117056932232,474.046025799182,464.590436093884,490.739506135213,399.743113504304,277.068354159865,362.449903027076,456.930274257019,389.887921553534,296.428643735949,216.199783702985,268.688390046921,319.099387408366,484.103691712453,441.235685830107,485.472426890965,282.743963714866,381.292642161148,377.664063967157,472.967533333352,426.005234603451
sugar beet,100,61.7746061666891,65.4907768951124,85.1622458597011,85.9297159014407,95.3413222027736,103.123737713747,99.3671738252322,99.56913962569,134.751582065437,100.902113908711,121.408374848526,103.904672142184,109.303891207755,107.60737848391,109.76168035546,109.23656927427,106.395583681163,117.153628652215,136.636596203043,130.146761814999,117.409451999461,113.518244243975,140.298909384677,149.239262151609,134.67517167093,142.508859566447,122.246465598492,112.220048471792,128.676329608186,123.440245051838,121.745980880571,116.968102867914,99.6299447960145,90.6615995691396,102.884435168978,113.863511512051,87.8886360576275,114.502504375926,98.1704456711996,113.526322875993,125.347098424667,83.7213545173016,76.569004981823,120.088609128854,102.334590009425,104.5256801669,79.3528268250977,99.1458309788603,80.9854809218722
other industrial crops,100,96.4308524306574,97.162493372664,97.0149298659236,98.9494632433176,97.7752631380271,96.9012311139966,95.3021316233709,95.3867041122211,95.0099852208101,82.2545827763779,78.2034559122768,70.6632212348685,63.450078185252,63.7652816384945,63.8291378327775,60.000823047553,58.9899547250513,68.4921471304269,60.5608881698687,64.6330283530979,60.1956690142614,58.9285564555039,67.4766627572515,65.8648129496694,55.1032466264434,52.3868559526922,48.9869451183036,47.8400565898495,47.2902696146036,45.5865288168251,44.693108669608,43.9119074715255,44.0065001849517,42.539154309118,41.6394372104196,40.9827960126605,41.7759730443874,42.222976290888,42.222976290888,42.222976290888,42.222976290888,42.222976290888,42.222976290888,43.8342604039452,42.9152421272963,44.1750448795435,40.3342691320346,40.3342691320346,38.565227910743
3 Output of forage plants,100,103.453831016102,105.327224270079,108.562985883079,117.632922564531,120.58085885825,121.979930853762,119.096902765568,123.564190659444,128.223165887159,130.894289062087,138.43150420316,118.362966800269,121.198702215124,122.706550287799,117.300390200659,113.110565512401,124.201952056287,123.753664581585,108.360979988414,109.981528025933,106.820060168525,103.655101268017,105.813661758987,101.960857408638,91.373628321142,93.9636965598915,89.2180583663152,84.0613175639839,93.9410991049239,91.8412075714028,94.2617815031007,93.5526948439873,91.8486124163105,96.4013359809048,85.2168476916057,86.1710575655817,81.8390565544374,87.65453797835,89.197078676037,99.2605812217843,99.2605812217843,99.2605812217843,99.2605812217841,99.2605812217841,99.2605812217841,99.2605812217841,99.2605812217841,99.2605812217841,99.2605812217841
4 Output of vegetables and horticultural products,100,95.8716433063996,88.560537108477,79.7423759003662,88.2797640951354,96.0444541624203,87.2413316355528,87.8315784248063,86.7814941469246,85.2331606622173,83.6658820023167,91.1260518980081,91.318191705742,90.2660420738634,90.0321760656371,95.3243812601184,95.9376721822675,93.6403742783712,93.9761542052509,96.530650628755,93.4095491916942,93.0944953164464,90.8830692923854,92.0826027687383,90.6947285137758,88.5487430171219,90.3079419556109,87.844784936011,85.076377558754,84.3254584974325,82.5646251065977,85.1117121845157,85.1627628484297,79.6863325148055,78.6840608422968,80.2075509651639,77.7824964636509,80.4475017242779,78.3798350505867,76.1583022298109,78.4964633001403,80.5444336516358,80.7644777603129,80.793994331098,81.7892105465994,77.5891265662583,79.3965123059293,82.4598625596923,81.8243349927439,77.8404609869833
fresh vegetables,100,96.094098232903,88.4885723115793,78.1253887013941,90.08820470717,101.338162845011,89.6948700332242,90.5843359497174,88.6388849572071,86.93515626892,85.5602653373202,95.0993042894639,94.2556251506175,93.4355405502702,93.5259332539279,98.7048491103969,98.3577983341547,95.3100671687514,96.0459769168863,98.6085332539367,92.9300994554476,92.2592099586488,86.9421128515751,91.8499147729019,87.2312858215439,85.5762911141796,86.2665077514893,80.5861413353268,77.9706626073772,71.0312915350794,71.468804654848,73.3622443269077,76.598472554655,74.1072899851416,70.371653723161,72.1891401133299,74.2747788401512,76.6216521713386,74.8317294678152,71.1370315544551,74.6665726108467,78.7260972466781,79.1063698554593,78.0673764547434,78.8052404959293,72.8545736464217,74.3734387782729,77.3886365935497,74.7504106180672,70.7472393463385
plants and flowers,100,95.1970186294715,88.8571818773375,85.5851777109043,82.4305939360487,80.3778286217255,79.0060134947277,78.8232250875359,80.0277670454296,78.9048795863782,76.8854049939292,78.7907340454872,81.5410864275134,80.0307880439411,79.1711457736044,84.432266150652,86.720501075526,85.8702903258704,85.5003751967806,87.9020157014357,88.8909577056895,89.1414430333397,92.2258812088034,87.3569126135028,90.8057560641234,88.0447116578375,91.2709265736308,93.5905799229165,90.7570401775441,99.7385342828195,94.650124559023,98.0350518252763,93.5015114374998,83.8602031789663,87.3428196645972,88.2761821045869,79.3498460535018,82.3343776596733,79.9912185564452,79.6149573849939,80.4167834773588,80.1344710425675,80.1705230003322,81.4160478068691,82.6647404429292,80.5730048810438,82.6635031931094,85.667638808391,87.6515103497993,83.8616585802848
5 Output of potatoes (c) ,100,114.349841365719,88.236983697113,73.6037482678317,96.1613429394675,105.122397166602,103.816607010842,108.929786961995,103.498026033829,99.9499251223029,96.1941708916271,110.636767091278,107.167369394891,96.8828524726619,101.616945532649,105.340258287163,99.6449520675297,101.926118037112,100.360879549016,124.313930251761,108.106495828367,101.81483358072,103.104073427563,110.36045145623,105.883774842849,95.8693601255759,113.676618684109,92.2879307966107,107.378324699917,105.343826503665,97.1767690836602,101.943848241191,93.2663788920536,87.8219341591202,85.1788018912101,91.9131024552317,93.168165524477,73.6104407360309,85.1096334012815,67.0096005604085,83.1835223372931,105.996769250231,101.058792479807,96.7359401186672,111.40210773813,90.1084657482536,94.9020185018396,98.6362727134447,91.6486946374309,85.3704516566398
6 Output of fruit,100,94.2122284585386,81.2167852617462,86.546674251343,69.0631739442465,97.3469704427477,87.6983278304479,90.8710596072076,67.370847099172,97.2872299934382,85.3249642384741,102.46447794548,87.9893205023324,96.0928074824416,87.3950928565391,88.2744257919057,107.055732235447,91.1474523485907,93.5247935833645,97.089807729949,91.1456569282199,80.1354683425809,77.0694898650921,80.0076151039416,53.4403854704493,68.1291817064471,71.1084104528639,65.5084315602563,69.7904258875308,65.7454608553016,72.3461870768429,87.1322428990605,99.6305463692754,97.4572478852384,115.389447436517,118.303040088843,124.511006222722,124.915412944195,126.546918519569,116.332205743803,125.115961531098,133.548101399319,137.94705048751,122.433312985718,128.077824039669,135.448830218179,139.002275322515,137.028649518542,123.174097378128,132.791503220911
7 Output of other crop products ,100,126.883934436302,115.080886535755,102.406777159078,109.638761143524,119.293371232573,122.697392520818,123.076960081953,121.27290139799,112.259949567962,114.049982866346,115.741261732009,127.718693901615,111.814963921984,120.726097036503,127.70864980111,132.096726040357,134.590180723209,120.382335307504,92.553281309707,102.068140557261,101.793155417505,102.123405777562,94.4392689374202,102.14956881182,92.5081395071346,107.456967903886,107.256434098604,96.4184999997995,97.4299931562584,95.871712145895,102.882179802579,93.0971705534058,92.9915014506791,75.0001310238846,94.0463186676184,98.5373039184707,95.2287216959973,108.932547148831,120.827487062545,113.375805749639,127.484863674305,119.537610788864,110.510546351597,101.40446430067,123.48165852707,131.939855434343,99.2316000866537,126.854052860197,119.967255082412
Total crop output (sum 1 - 7),100,100.900563204111,90.7189849079613,83.644197858509,97.9461151480929,108.122983899318,107.871401078436,117.566991466697,118.483549292774,132.706514487839,124.230920497509,153.258174722035,141.870770807295,144.051775691343,137.961295737277,141.588334610979,147.463465943248,140.090832757485,145.026061866206,150.466328454952,139.627783709889,137.701982664919,141.887655026099,153.399434433699,146.166254187612,142.089931482258,147.88433209511,142.199005094067,132.860976698033,142.185069946371,138.636528218238,142.522580437613,141.434714733513,134.764902199596,131.995688785601,149.411937830343,143.352655495425,140.683953713237,148.268849181029,134.565442990431,137.71440953801,159.434723457408,159.783377134938,146.166437105687,154.869610490605,142.197696255795,154.230918026094,134.265450741858,141.8635751622,144.341557801722
8 Output of livestock (meat) (d),100,109.309959684242,108.739480669193,106.427004413219,105.415156523367,104.991805885457,111.679270379799,111.340138096851,111.30509097759,113.871498975498,116.300143510375,119.618472324754,119.819668699136,119.835985521657,124.078905546391,122.940036996857,124.768927708947,127.442689732539,132.045275373244,128.013886015256,127.98701099962,134.390462235157,134.097490762013,119.237876930394,125.428624562242,128.855434107278,126.189180304945,120.580116836734,111.087316368822,115.92301699789,114.472155443554,115.09759348014,119.76645554765,116.936475255054,117.657744941285,116.571978601166,113.148347180713,117.06632882463,124.325653032701,120.383891280627,120.596667729033,120.276119172479,123.975073965511,127.334678207682,128.618160060563,129.369192528878,132.077228398639,130.634803503254,133.280808635511,132.223290182324
cattle,100,123.810465386339,138.143577795743,125.913083855911,120.302793178513,119.669061406736,130.781018660569,130.797256403699,124.31356155357,123.011879325471,125.318477152867,135.999608267966,132.045287034237,125.727747057392,126.757442246904,113.916847509275,119.035324475978,118.940628631535,124.396758840976,114.818658432639,109.855034316547,118.137957070844,118.409986999516,82.5745041969954,86.0233265225515,88.390753381829,90.0382781002645,87.3603635768507,77.4269547300317,89.6953443324756,92.5481462782788,91.2935721402044,103.867014309098,99.5795524686054,101.91357699201,100.143621076351,97.4469924144888,102.131133598383,114.321847264814,104.178829482121,100.117606718757,98.3900760379508,102.358405971989,106.43853806631,105.092248885173,102.873732408402,103.073359196569,104.896475926845,107.280230024351,108.069063500015
pigs ,100,99.787273947383,83.141771036096,86.0450194363928,90.7268353440019,88.0771101426734,93.7062569698311,85.1072835959726,94.8587193557649,99.2569463876411,102.710147686082,96.2085666012461,97.7610001945222,99.9954820719863,100.936988675151,102.644402522413,95.2047044723252,96.7319722597448,100.612567089548,100.697568083666,102.150016967163,105.326976927565,99.0260644917957,99.9641913282076,109.729174991942,111.092452106158,102.08032515336,86.8621980769596,78.9239071708896,75.3863828460886,66.6945308689088,67.3554921063484,66.8991436228047,66.7803331084953,70.2601662859066,69.4865286931518,67.1490535359937,70.4354218045162,74.9315710260162,76.5264805953587,78.8504216756321,81.5460666834636,84.4282213073131,87.7764168436715,86.2319036937527,87.304393490732,91.1413892971508,93.4038467390397,100.246677114454,97.1866688208057
sheep,100,107.016042816618,110.713525278749,106.658800529193,97.9233597844947,99.9727215513381,101.965446214032,123.659076827155,112.700305228485,117.082457189405,124.260294323104,124.948845631434,129.759910246818,132.033734787392,137.433278381107,148.03211156838,165.385062471657,170.155576156494,172.858767791048,166.385322668566,164.964473146108,161.651912655681,161.929653015513,143.647448942031,151.481804241363,160.397924735429,160.175289968201,153.903689085731,110.480842398606,125.765679132301,128.111116308506,136.169960059518,138.167661736917,138.663168635604,137.965212375777,134.181533871196,129.867518527937,120.172324276899,127.244376026564,121.586639151491,124.158179856156,130.201147149713,132.275743052884,127.973878642711,130.697631044152,126.023555652235,136.039914126045,130.227903739492,124.216956931055,128.071418306836
poultry ,100,97.9203899175272,98.5816220357937,104.773197453865,107.345300034203,109.561717695245,111.848884706826,112.620447199348,115.82201926536,124.310008995794,123.076082350688,128.347178720701,133.446430265343,142.878343685764,159.927185432352,175.740837147401,174.485235297047,185.93975794311,191.584479809756,195.033644231721,207.064600242042,222.100636349447,230.422671188671,237.692796548674,243.806422187106,249.875263580993,243.781389177168,244.997900844098,256.155981102591,250.487062438481,247.450555146833,245.475628439787,242.756513142288,235.006256547585,227.120846204519,229.570568142382,222.223617308265,239.84781670326,238.683856243997,245.188585240861,252.920560701204,245.734820267806,252.040323465245,261.343720537499,273.86047453873,289.383176540788,290.429086775604,278.146324560719,285.436403021889,275.97725188871
other animals,100,99.9355959992002,100.179965574759,100.957972320989,101.832039510734,101.331590240031,105.250416106789,105.343000618904,105.587851584543,105.587851584543,103.323740881089,104.543289135656,100.671471991577,99.9243329413917,102.164622559434,103.387759303393,104.031637576165,104.140727655159,104.349979493368,105.542993874957,106.509206216465,106.812604079502,106.624258942646,108.311314462933,108.355619721993,108.542823833755,108.540214163469,108.577491742257,108.489326710975,108.760239130312,108.630673739952,108.665674042476,108.680378069867,108.737341371301,108.635986863953,108.650238487536,108.648791158457,108.590537648873,108.776824603992,108.615313477717,108.714084522435,108.716955546252,104.684359609183,104.716875514179,104.748711089273,105.058336880004,105.479850886324,105.511976459678,106.546678619,106.175706468231
9 Output of livestock products,100,97.7097913966954,97.3066282373506,100.54507009768,104.989805290929,109.374238403205,109.53478155855,108.715036102589,107.401272865567,112.098107629643,114.680803769101,107.926064876302,106.798333994849,108.012228790117,103.501519583281,100.739706128286,98.5132483276744,100.843413840151,97.9393259095032,97.1662492092442,97.580650989944,98.799330182319,95.6803702595192,95.2310941012256,96.5149262615258,95.2113606308142,97.1902263176442,94.5668303260573,96.0678073329236,97.366727153535,98.4089344266142,96.1201079992794,96.3217690955425,95.0948991766516,92.9252491800958,91.6562882323019,90.9088629512244,94.4853779534656,95.6755612784305,93.4966729279119,94.6649446277908,101.332133560915,104.559973143481,101.560875977374,106.095453895138,107.50687006682,109.017016873848,108.529465906039,109.38020987513,105.882507836813
milk,100,97.4056547505691,97.4679909498154,100.911048575871,106.583538642216,111.523668059523,111.698777981906,112.194460056641,111.44679200213,117.691011372381,121.173628937274,113.915357575738,112.802338008372,114.296685554813,108.343546280213,104.567220827486,103.060727345323,105.142844794949,101.787371284779,100.965196622513,101.709715279489,103.358607226177,99.7924378139377,99.4254687387598,100.412053227978,98.828541024456,101.159786235726,98.4046116086064,99.6214517299682,100.635574734284,101.817906822692,98.7174072548423,98.004339087287,97.0888608811455,95.2494423649194,93.1350243404938,92.0532706181046,94.4226626363506,95.8567831487776,94.2642621137933,94.8721389355069,102.440128204109,106.101085980493,101.527261090138,105.690675120674,106.064119367759,107.269167297671,107.350130611439,107.261626217786,106.38334794784
eggs,100,98.3760683760684,95.7264957264957,98.5470085470085,99.1452991452991,101.880341880342,101.282051282051,93.9978517850813,89.4111306168253,87.7106429635362,83.2315095442326,79.9035268578312,79.3807108931289,78.7015335596878,80.4433332524938,82.1880247757297,70.998673535652,74.8121606628323,76.083642106739,74.9474317540494,73.5872371940437,73.2053887450316,72.0014091002656,72.0553154306154,75.3984711035281,76.132696458959,75.2606256499633,74.4159105423643,79.8328434454303,79.6890001530315,78.0516709722485,84.3298328674236,85.6906193314821,82.7143392770894,80.6926890227853,85.8694309700646,86.7557133459681,97.264632431331,96.9231556517132,93.8292853701102,96.807741677552,97.2495230709943,100.597514113916,104.912701263185,109.279635902709,114.746203965758,118.655818663967,118.099737821643,124.0436995856,97.4747686257806
raw wool,100,102.017291066282,101.152737752161,98.270893371758,93.9481268011528,102.593659942363,102.017291066282,112.391930835735,112.103746397695,110.662824207493,117.579250720461,113.832853025937,119.020172910663,121.325648414986,128.530259365994,140.922190201729,153.602305475504,153.605015920628,146.705526926059,146.618845145773,138.623311419989,134.533399020569,139.080404122146,132.25792862488,134.840516841767,143.614648224686,132.298493463725,127.594812680115,105.627976945245,110.030170028818,107.485680115274,109.121556195965,111.923452449568,101.052095100865,93.7513717579251,89.7348847262248,82.4753717579251,83.3014812680116,87.7309838045489,91.9878886314696,81.1715512970859,83.1623565221731,84.2727342040202,85.2358601618894,84.1541086790612,79.0488947598876,77.7768004363717,77.7761556968783,67.0770181213947,67.0563256422357
other animal products,100,96.6252126776899,116.113068271151,119.902843570086,103.472733875626,64.7705057244399,88.1341259134353,73.6782811493866,100.96802933774,93.403207174605,164.528531803915,119.422843079766,81.4223148188068,90.0345528999542,108.672820137078,116.703115524687,169.584642420771,185.046311928764,145.70854022038,160.608523312149,159.309277413609,132.628855881144,143.231208279917,123.590380658283,130.10827999699,115.7812363086,137.326454733893,115.708356473388,102.107283281181,165.486235182584,206.196938991165,124.836457699761,206.011925547147,206.168029566967,163.414992266655,133.877797490333,141.543304839909,152.434921851429,150.452329166762,90.3707973610487,130.420873763625,157.75651689466,122.764935415435,132.082975987099,172.4240266142,219.807306487607,221.681334187494,172.807468833345,193.141163132796,217.082826101303
Total livestock output (8 + 9),100,104.268641158095,103.775601206407,104.002809623611,105.41581432908,107.054239220314,110.992705383104,110.445803581683,109.847394727322,113.346058536475,115.847885064443,114.762881926525,114.384485438837,114.926133939149,115.299634228971,113.423898011598,113.408391506129,115.94037675235,116.981254285083,114.48595491909,114.671213435671,118.623326038806,116.912474881893,109.079680988343,112.925338117814,114.023951737849,113.671186905904,109.440628645629,105.176380380388,108.35489747362,108.059937751927,107.322699567978,109.935044626238,107.822231879663,107.184658327084,105.994073750441,103.786171218619,107.572571909556,112.099427155215,108.935440430875,109.587948351978,112.534866830702,116.046811693505,116.773094554324,119.428940545845,120.473625584276,122.668447574379,121.633446905961,123.526145035783,121.371128289847
10 Inseparable non-agricultural activities,100,99.9711678746268,107.836342220658,112.158177411479,116.471381263913,121.217449230775,125.828653390314,130.453913115813,135.648457443272,141.029336423771,146.901464028609,152.591212479387,158.421653699708,164.499729775384,170.939939570802,177.372254881797,174.76933859495,196.855875030465,204.775238368219,216.75343455171,233.409668382909,246.385939729948,238.875242349266,259.473313181746,257.801254228606,284.445275568398,287.167543696058,315.43698992821,392.176231571936,341.281166702772,348.830070664815,358.695351258238,366.3466359098,352.685063396034,372.622827705085,375.342933912947,414.390445678785,412.387058852947,418.720235595668,424.985331806224,476.082732554809,466.743221393319,472.843024715356,475.655259377641,517.351333928803,537.830693638286,552.212008074371,549.003661183513,600.542053929881,635.031538341776
11 All outputs,100,103.108256600807,99.1326592743613,96.5322123587075,102.981243121042,107.597074760598,110.115183040397,113.1339782985,113.09318256524,120.224984198881,118.902546577863,128.555968187104,124.519321961077,125.665457401141,123.88690829774,123.938627869632,125.822968569322,125.256335275713,127.736570332657,128.124936801534,124.953225963259,127.165265117495,127.34281890231,126.14773640368,126.532944035466,126.32514949075,128.116956428019,123.926428943132,119.328474781798,123.620058695593,122.39725155287,123.360305532109,124.861309022637,121.048299877721,120.048863479509,125.395634596422,122.54189141445,124.16531626456,129.78901879588,123.049615892503,125.294793748182,134.188676077138,136.802399635175,132.930654329069,138.235587598433,135.052353048432,140.776650935318,133.277758225641,137.893658191655,137.853801323795
12 Seeds,100,98.1504431083636,100.37320350025,95.825506780995,102.859853241522,108.886533827025,116.562340932893,98.8345982439285,104.58299913165,103.226083999014,112.464375735908,105.572758540715,109.352177190652,107.323668202106,103.736043238925,109.180627732941,101.2384466386,101.260683986721,95.4896354909272,100.320989551953,97.1559553046918,98.2331129427136,110.318338096385,100.871345193334,108.118553871485,119.231918262874,112.088419820884,100.017689547944,99.1153960733996,85.0987346107916,83.760382224092,74.8916576093848,89.2036158327535,97.3153725310135,112.862835380508,107.889929540014,105.806244379998,114.139270160936,111.360326088849,115.975967987821,122.081446243673,122.164033308819,120.74915296327,122.640486229101,124.598067399192,116.108261891027,108.444231264147,128.57235598495,115.744959998909,101.867332760066
13 Energy,100,88.5915328992599,88.7203724805419,86.5122064023087,89.5859734174826,91.3814212753352,89.8956993495367,81.0644927897632,77.4218228410107,77.2080452147054,76.5261260784982,75.910707113654,77.2831570541733,76.702114954448,72.7358302542326,75.0208376469645,68.9580984323771,69.6487500603016,72.2278897801888,68.5990320030321,68.7433843661818,66.7686466643637,68.4499713862974,72.8224170462342,70.8349245185059,72.3258047302606,67.8136553225204,61.8267106870115,62.206338724607,61.7225662353341,52.4062478959183,53.6106696116728,49.9355027963777,47.2858345059739,49.4378420831467,47.250391849826,53.9003479459905,52.5671748691747,50.602740501612,50.6103434456922,51.0029900183885,50.389818734345,51.5657059134477,51.4319926815542,49.8000955436144,49.6319907399246,48.7938313027929,48.5810775882847,49.1048451743277,48.0681566636379
electricity and fuels for heating,100,105.647517039922,98.8315481986368,97.5657254138267,101.26582278481,107.205452775073,106.134371957157,106.329113924051,105.550146056475,103.407984420643,98.6368062317429,100.421835096699,108.145484385861,108.144768325547,107.86354527625,110.585171475227,96.9020617945247,96.9719784749016,110.738598362168,104.322400310304,104.900112305604,106.814055494235,106.153908613267,105.724315743818,103.586677470219,106.050449445284,100.226171302328,92.4613111008955,98.0420819993004,99.6444088471772,80.4901903974222,75.9413050988877,72.2542123524922,65.7608015905863,65.2016906405915,65.186383575428,69.6910901134241,69.3278131892481,65.5442772511976,65.0422649252469,60.5745100239078,55.8409823241867,57.3212348393183,55.221087929422,58.2910613976045,58.5612571176996,57.2942777392156,57.6182389744169,63.2806279775837,59.9175685716476
motor and machinery fuels,100,82.293868547404,84.7578165248978,82.1658848216527,84.991852043941,85.1124233512346,83.4693273060858,71.6731356899706,67.2020393281213,67.5738892661449,68.0973425119186,66.8338011733775,66.5247696377936,65.791030802154,60.5307780528902,62.6836458532627,59.5139801248375,60.4762119096801,58.6148806717555,56.0106803766177,55.9895318029611,52.6041294412715,55.0917307074504,61.1571310143038,59.2287727522887,60.3771946779821,56.3462791840382,51.0565798371596,50.0004010972585,48.9561269943129,42.7062491273156,45.4379094244813,41.9257076846368,40.4023288134459,43.2513997830237,40.5522368756162,47.5764680245495,46.0023661776053,44.5950209394365,44.7303116395196,46.3992531618564,47.0223322434127,48.0575176560499,48.716714162491,45.2630437603299,44.9368462102739,44.2814557792419,43.8534518835346,42.2597574710143,42.1538767421458
14 Fertilisers,100,98.3492572845267,99.6500106054835,104.017449285343,106.546635204626,111.738148830735,113.432622945675,120.652973243724,125.022957379038,132.065214840319,139.01542494416,146.003298436879,144.666126392092,139.553852361885,147.492895689535,142.490785373806,136.545873089619,138.544248575215,133.217007690977,120.485053661354,113.059585575683,114.138935081311,122.803584681784,124.61891843345,129.95117605414,123.130762034655,113.99229426658,107.678594689943,99.9322096660837,100.99386162868,99.8559183630082,96.9590384686222,90.5760129577452,85.3268737304946,86.3866678648812,76.8476117575519,69.5988322800259,78.7268889447158,81.2629760068829,77.0818554632872,78.1297737113619,79.1159667383705,79.3141044608695,89.2009821913429,78.5044366448894,71.0124160057493,70.0507233946242,66.1936224986895,59.8892419223665,52.2464916351783
15 Plant protection products,100,101.953125,104.4921875,104.4921875,105.56640625,116.6015625,185.546875,175.390625,169.7265625,231.73828125,266.40625,269.721168437026,283.789358877087,275.219081942337,250.489593700387,302.895373145265,329.805791509286,298.293301188018,291.697908356675,278.071182475733,283.139633260509,274.842390093382,295.533120073467,304.598470444915,315.38700794613,328.679238657831,319.477403449437,315.214893454985,295.870361582217,302.002564425617,285.222943692772,318.569935831351,292.951424826017,270.311605599096,293.348443464798,330.207217225892,332.950975828703,360.914387535689,390.176245230068,425.459014557579,450.851380847662,471.266353107507,483.683643180158,478.718960010307,458.974483059724,362.773910093959,381.22448428132,307.211049480752,299.466763166568,298.397678766187
16 Veterinary expenses,100,101.440329218107,95.0617283950617,94.0329218106996,92.1810699588477,91.358024691358,91.5637860082304,90.6378600823045,89.6090534979423,90.8436213991769,91.6666666666666,89.2665237917753,88.7284134675114,87.4215741085848,82.3348482687043,77.8770669805572,82.2112566729783,88.3219003052354,90.0598720463506,92.9613154471036,101.302971619975,109.597476428995,114.949931523489,117.330444430157,119.67643292682,110.749491524492,103.630531643093,99.3888052477204,95.0487237408162,99.3939079961245,97.0133353375202,103.772389047738,104.864390066066,99.4779899157334,104.145504785559,121.401023088487,130.120025097638,127.122801679569,123.532235253122,127.562148847573,132.385554898861,134.190149794383,134.900958843887,131.896493107286,134.361963160934,125.322165402841,115.360979782726,116.970975062876,121.098986883571,122.88405112776
17 Animal feed,100,93.7467532467533,93.9090909090909,100.863636363636,100.01948051948,97.6038961038961,103.422077922078,99.1103896103897,95.8896103896104,105.98051948052,107.649350649351,102.74025974026,103.123376623377,110.168831168831,108.798701298701,109.125913694401,106.38972286033,106.440678925929,105.596685477144,106.586151417366,109.327918955435,115.238478729687,116.607916865083,112.996700199607,106.267942382618,105.999535303371,108.130012325875,106.951955458599,111.476552059106,108.232400298255,111.506500043415,113.717645260617,111.628315746816,110.826317576988,107.595550928235,112.735401983818,112.918469826829,121.902690148548,113.394694446042,115.613412329431,120.595715759893,123.474771383172,126.313046106112,126.423373497316,129.147270061289,133.011060845402,132.549906105757,134.849128099344,136.236834464501,127.170332812961
compounds,100,93.7467532467533,93.9090909090909,100.863636363636,100.019480519481,97.6038961038961,103.422077922078,99.1103896103897,95.8896103896105,105.98051948052,107.649350649351,102.74025974026,103.123376623377,110.168831168831,108.798701298701,109.490592970625,106.692403972227,106.824339989286,106.048285112446,106.617197428218,109.749387316326,111.912657665086,111.511793147178,112.972291941145,108.53036987957,105.871523148714,108.744789480837,99.9439167085811,102.876163282673,102.210214788454,102.106279172614,103.214471564122,99.4901078457195,104.296991618677,107.535605583761,106.875493328878,105.399257345775,112.544013354903,109.942780176993,115.879410171866,123.014216198969,123.658214845902,125.381950596061,128.685836302465,133.968917746876,139.481334434082,137.093091242962,138.854797054895,140.284669983949,133.905338481579
straights ,100,93.7467532467533,93.9090909090909,100.863636363636,100.01948051948,97.6038961038961,103.422077922078,99.1103896103896,95.8896103896104,105.98051948052,107.649350649351,102.74025974026,103.123376623377,110.168831168831,108.798701298701,108.304681391121,105.708462821623,105.576386925718,104.579569800278,106.480510995149,108.404058192208,122.112832300177,127.210119505718,112.883372900189,101.257144850523,106.365173547965,106.835605592017,122.205239957762,130.126789884581,121.304303786017,131.823725039389,136.369806625176,137.914518932234,124.681504327217,108.142807071306,125.129770228078,128.917294466138,141.813968600039,121.017809687917,115.673841920997,116.419792934399,123.907886402131,129.179259317887,122.420411105645,119.741094495651,120.14478471652,123.767347357562,127.211931946536,128.519099125724,113.701735548798
18 Total maintenance,100,97.8344127759537,99.5927150816874,98.8201410996586,95.1764526166528,95.4428578145843,92.7006631472481,86.3118631806729,81.5120554664402,85.3987936556341,80.3394154313146,78.3266521466982,76.3565609083604,76.8778327393288,81.7235558227793,79.7965682730287,75.9679138794495,73.6819614629363,71.3170300958477,69.6739231065297,71.2560627628388,71.9150959234255,78.0972853073001,75.7888167851664,72.3157883919592,65.6720546669584,63.6665721048199,57.0156535246381,57.7967273064764,54.7815295625176,52.6863620295315,52.7295445645097,48.8766919193383,47.1348707750303,48.4587796144135,51.1158483325013,53.0951616234283,53.8077854204186,53.6931774816128,53.4295331490889,54.061198867114,57.4644094516955,57.6715486835391,58.3091481098317,57.6456204991995,59.7147489823389,58.6110924570044,59.9429467922726,57.7584491989033,54.137314601463
materials,100,96.7570882734589,95.4386862461718,94.0409834586938,93.2890809114123,94.5143151863813,91.6751337114317,87.1531138891101,87.0047492209731,87.5029882157658,82.9529288486156,78.9506447834764,75.7610172678296,74.5067901355095,77.3590291279173,75.0733023251836,70.6925026876141,68.6325571308009,66.3029979681074,60.3183203049824,60.7620499613617,58.9642641634934,66.4024744646657,64.5665067581794,60.5095841058903,57.2161930853528,55.1014498224594,49.9281646294606,48.2391956359569,44.6579538236807,42.3975529055346,41.5695932710112,38.4286424018984,36.4229404399175,37.3893511067879,37.7756730407367,38.8510718091861,39.9000585052726,40.4446790845098,39.9874170910781,40.7929161728498,41.0867820556191,40.5678804640109,40.3733923166608,41.4886779046219,42.6447838497693,41.4720570480705,41.3656997474392,41.2086745807891,40.1024669221389
buildings,100,100.360811664221,109.57725128939,110.350247447677,99.7239257265389,97.6430748804986,95.1479913737227,84.1396496927221,69.0683860085674,80.3010152833619,74.0637308904508,76.6843644608615,77.6259685621728,82.5052756949794,92.3789022908361,91.3998481838522,89.0256444975516,86.1720703582749,83.7507115173716,94.8778584382194,99.9275094740276,108.359336148246,110.22377713413,106.566788190297,105.177831855241,88.406549980891,86.8615211840909,75.943076489289,84.585409735329,83.8197790534114,82.6223126972378,85.90422145687,80.0211122608866,79.6147319367754,82.0674399942153,92.9303081592112,98.0593595131095,97.2532066359607,94.5736382028884,95.1247184960421,94.9426778944032,109.843868203795,112.917774795783,116.799875067205,109.063164568402,114.309935424621,113.736523463401,120.62053479398,110.826915599522,98.538754139557
19 FISIM,100,100,100,100,100,100,100,100,100,100,100,100,100,100,100,100,100,100,100,100,100,100,100,100,100,100,100,100,100,100,100,100,100,100,100,100,100,100,100,100,100,100,100,100,100,100,100,100,100,100
20 Other goods and services,100,100.392949996535,96.6628459428366,95.8274040415576,93.1138296730648,101.063236562211,97.8365606097781,114.962618715217,111.107343989233,112.399824673109,118.665804934342,120.12080058775,131.163578694613,130.712887312359,138.368677495185,148.584538591827,153.843248438587,153.599494038302,164.249525816051,171.429495538964,173.602382823029,180.769229642616,179.041051888761,191.398721629719,192.635078636894,174.788195646144,169.772256489883,148.076380034745,138.874745256261,138.408822174231,148.242782240681,158.381592105991,152.003435118361,145.732385927374,147.605268584908,145.238063257153,150.521509403408,145.703200331917,149.694217923481,142.196898338306,143.52872455397,141.012129491238,144.748652796732,141.775383250761,148.781997223488,138.789313507358,144.9094711759,139.741416419631,129.915462087412,127.571304732139
21 Intermediate consumption (excl Agricultural services),100,95.5789986607016,95.6457772656593,98.7876891329429,98.7633767612176,99.8623255309786,103.967542105373,101.853177370969,99.691042852787,106.808393196356,109.462439920501,107.607617521668,109.172074556392,110.9953055615,111.586576942893,113.919945617749,112.009290440536,111.322476378405,111.213791043033,110.665719456381,111.658387598297,114.678636877694,118.725005776599,119.163148003514,117.715738230693,113.773775071855,110.72261974671,102.86107947041,101.30457392295,98.9797663730123,98.9599798662992,101.194126822319,98.4865665502667,95.8344935876527,97.882774388492,98.598206375627,100.122069925114,103.939013555825,102.410797285721,102.176514210025,104.969315228471,106.522160349915,108.310643115245,109.219302940864,109.114394989812,105.699617485043,105.671654934238,104.786381771179,101.876465504649,96.0661064476332
22 Consumption of fixed capital (excluding livestock),100,102.660377985229,104.11640742278,105.478218198125,107.012949790788,108.679700218274,110.165554604565,110.82368725039,111.220763576835,112.070422157304,113.695222180446,115.876885265926,117.854508137804,118.619216512645,118.907999415375,118.868746458714,119.01170499067,118.658322832631,118.088233505646,117.295321768725,116.997371904737,117.695183981605,118.659471431658,120.006106910449,120.262322397345,119.180640332566,117.705582264489,115.660296607817,113.561776288886,111.743236284173,110.003743304637,109.002628662384,107.996180138088,106.875348464439,106.54449890772,107.313283019315,108.398204300597,107.756959907948,110.15130107562,112.037752102094,114.053436388353,115.56832471901,117.178197479195,117.881083226097,119.890858508464,121.322225218407,122.630231656219,122.035942822646,123.011661854632,122.897073677026
equipment,100,101.264785789679,101.145880355005,101.262512560175,101.794798622014,102.487766507453,102.864844731607,102.0812294803,100.948401819621,100.440179731375,100.859485976251,101.954826746205,102.924331643539,102.646384952546,102.012983909811,101.065797807783,100.395348630672,99.0789750792969,97.6103536617361,96.0985009676117,95.2881570068057,95.6632472515463,96.4049131200328,97.6776074281796,97.6861133562979,96.2025917994734,94.4343131427622,92.1218654961083,89.7703353578291,87.7916868312673,85.9405227894657,85.0122572452727,84.0774819733499,82.994084754489,83.0554414207929,84.7136070977092,86.6958108095598,88.7229845023488,92.2175204147711,95.139870130426,98.2942435437438,100.773131375962,103.412113690956,104.87854740455,108.137888918565,110.580679298965,112.913176397131,112.475643293834,114.300539847565,114.582916393274
buildings,100,106.318283427806,112.03297866625,117.132451794499,121.942586601637,126.985854395104,132.30649759841,137.580744031294,142.531279135297,147.57242812077,153.214371475111,159.033089204284,164.286272817169,168.482487066674,171.927332561729,175.042859426686,177.904263498071,180.679152823508,183.223389159185,185.35020285873,187.304768916241,189.264544661275,190.991139633441,192.412757667115,193.687405126497,194.487851893627,194.476247854874,193.820417462282,193.064948368328,192.102856433154,190.847324351059,189.591042191037,188.292566566449,186.945290989391,185.476025260658,183.96448105417,182.699844384901,174.087733032233,173.424736133148,172.463025208682,171.314172875321,170.065135219628,168.711018589726,167.217750408632,165.846173134241,164.594108271142,163.226662654303,162.136140861916,160.917721872793,159.721408711259
23 All Labour,100,98.2770625251466,96.5920167835578,94.7129889375699,93.0382891768192,91.9274825485839,90.3205503228428,88.1284317035283,86.3381048267102,85.2175464389493,84.2985108016828,83.2988312606161,82.2727671866769,80.9095454929481,79.3511891935288,77.5819537252491,75.9155431259073,74.2643622915662,72.9506001497513,71.7675607181177,70.5672477650144,69.2082991851976,67.7042310414371,66.5937326282721,65.5360670732503,63.9862288854298,61.6065453003842,59.0807136332094,57.3080989267398,55.6983180223893,54.0784499135817,53.228043066615,52.6311919880313,51.8750903002812,51.5115993842031,51.2818952345446,50.5283583713902,50.2969563897262,51.0850740995823,51.1034666490398,50.7013248596514,50.7745302830998,51.028149742701,50.7147374170451,50.9797430485525,51.1911494332708,51.4586187626654,51.0543914597171,51.191736344845,51.2457395670495
Compensation of employees,100,98.010011234503,96.1027459800894,94.1018754253306,92.1978785884263,90.6689881087851,88.8614926612215,86.5926384363447,84.3913007877513,82.7097462470419,81.1023956610371,79.0866577968216,76.7497330660731,74.1888922213657,72.1882341011084,69.9097926767966,67.8283114347842,65.716528886756,63.7284599044327,61.5257832541751,59.4673739559416,57.6815644010902,55.8413085723567,54.6602908563395,53.3839137201392,51.587676526326,49.1925188980065,46.7154329225135,44.932462154923,42.8923668467368,40.823301927335,40.247369718294,39.6518132043642,38.3979159311759,38.1049657529863,38.3827601565163,37.8993968017892,37.6463815194059,38.531814382492,38.5566923774475,38.2939209515267,38.3125185266609,38.6952097769868,38.2027592721846,38.3301337204469,38.0111989032248,38.0031193379608,36.6034142326004,36.607149776555,36.465167848024
Entrepreneurial workers (farm and specialist contractor),100,98.5027737676025,97.005547535205,95.2294985125118,93.7486084685187,92.9911736862017,91.5537456845807,89.4264807360209,87.9835514182965,87.337179060073,86.9998624451576,86.8589524259563,86.9407690696901,86.5897445113843,85.4052645693595,84.0663741689752,82.7507473271162,81.488830369345,80.7449441254882,80.423633105103,79.9485241281544,78.950325289734,77.7303747142445,76.6794693451001,75.8066400389561,74.4650353574756,72.0984176758838,69.5313766416539,67.7675054471644,66.5213916646983,65.2811488694235,64.1987688271658,63.6008207029981,63.2654212890048,62.8423119041547,62.1836971917279,61.2018211717967,60.9886791236039,61.6945908224792,61.7075023331706,61.1875744788107,61.3069340786192,61.4514042749924,61.2893830650035,61.670719489013,62.3302799135176,62.830719786318,63.2683271121904,63.5186434531445,63.7386732444361
24 Land,100,102.350415182138,102.120507532534,102.074045859996,101.608245290361,101.579466842561,101.518618737028,101.125676213106,100.893293967257,100.713977287431,100.820740545554,100.833742181147,100.65555966713,100.443045826449,101.938987660438,101.799572524757,101.153316382518,100.996597440392,100.783534895263,100.740665219016,100.627510536713,100.222581186477,99.5305553572304,99.4574586849225,98.8567776476016,98.528837460573,98.3032447824418,96.8776085820391,98.1102577085153,97.8112426836969,97.4958813499838,97.2865496635601,97.3291021632172,98.8925772476911,98.0102737564621,97.8241286733603,97.8568176299491,97.3454256809958,96.9959416826427,97.0935407117565,97.4865462161852,97.3803163672139,96.8545501155031,98.058138092447,98.713234688904,98.062836512834,99.0254429836822,97.542902494719,97.3033014688216,95.1375659019173
25 All Inputs and Entrepreneurial Labour,100,97.0244613778369,96.746530653402,98.2718076008926,97.9257703815722,98.4223118185258,100.460104007985,98.6338315162072,96.8815454278417,100.587538546375,101.908487992657,100.75852034407,101.406100873334,101.919239907587,101.728073691839,102.195487861125,100.59033488204,99.5526048273492,98.8923951687029,98.054305277334,97.9783768493732,98.8404706684032,100.094313033282,99.9321733953425,98.8059817404358,96.2747880367954,93.6925465297185,88.8855385502481,87.2575360773629,85.328782677293,84.3311826391545,84.7052846766289,83.2199705340908,81.7704296694948,82.3353599886088,82.5811482669655,82.9904293818686,84.4264252389074,84.3000027996816,84.3607984542357,85.607696294649,86.4352714261361,87.4094324593619,87.7828377338001,88.0847923510168,86.8065301834697,87.0931314988721,86.368412347011,85.2307284378208,82.4132797200932
Total factor productivity (11 divided by 25),100,106.270372580867,102.466371253671,98.2298125122008,105.162556005198,109.321832389986,109.610859084563,114.700987033957,116.733462565864,119.522742017842,116.675802889384,127.588185840871,122.792732280096,123.299052774614,121.782418364695,121.276027409403,125.084550833708,125.81924450188,129.167232844091,130.667324029423,127.531430894549,128.657081717182,127.222831191187,126.233356203138,128.062028033757,131.213116192445,136.741887346804,139.422487577183,136.75434827314,144.874982177016,145.138782265863,145.634721615126,150.037675117282,148.034320434639,145.804747190172,151.845351182387,147.657859258193,147.06925694556,153.96087127576,145.861132359072,146.35926344395,155.247590321747,156.507593958783,151.431256679328,156.93468067401,155.578563920241,161.639211396528,154.313081141468,161.78866556591,167.271344851217
Productivity by intermediate consumption (11 divided by 21),100,107.877523353047,103.645620442832,97.7168442808698,104.270678563393,107.745412685408,105.913038637379,111.075551316817,113.443674906926,112.561363953729,108.624060147223,119.467349196926,114.057850844226,113.216911981482,111.023128132285,108.794493534521,112.332618191274,112.516662717729,114.856771929688,115.77653624891,111.906708175647,110.888364720552,107.258633570359,105.86136613306,107.490252312306,111.031869524386,115.709831217055,120.479417075126,117.791793757068,124.894272057303,123.683585746719,121.904609887795,126.78004056412,126.309740205396,122.645546399248,127.178413488279,122.392486997227,119.459779361742,126.733725579516,120.428473063362,119.363257229479,125.972544714022,126.305592599624,121.709854164737,126.688680821023,127.76995438753,133.220825417115,127.189961112197,135.353790994411,143.498895106091
Productivity by capital consumption (11 divided by 22),100,100.43627212793,95.2132922449182,91.5186225248767,96.2325058064213,99.0038383842597,99.9542764847428,102.084654558452,101.683515674761,107.276283862062,104.580073197054,110.941856861341,105.655119968326,105.940218706253,104.187194223134,104.265108838074,105.723187966416,105.56051382286,108.170447249979,109.232776609933,106.800028008322,108.046277524295,107.317871355641,105.117764129966,105.214119861583,105.994689354117,108.845267967101,107.146905703816,105.078027732009,110.628672308377,111.266442282706,113.171862959558,115.616412416611,113.261197850502,112.674858589823,116.850059068505,113.047897984206,115.227189381204,117.827948947039,109.828708255744,109.856219782412,116.111985185734,116.747315266958,112.766739744074,115.301190864918,111.317075503115,114.797671857924,109.211888844365,112.09803697686,112.170125129322
Productivity by labour (11 divided by 23),100,104.915891818016,102.630282062022,101.920775008311,110.68694838673,117.045601356192,121.915978862839,128.373983414447,130.988724841981,141.080081770497,141.049403420172,154.331058721451,151.349378681457,155.315984826652,156.124828823413,159.751877747951,165.740721054505,168.662776344796,175.100095229432,178.527646083405,177.069717072355,183.742797633573,188.086943671766,189.428841761792,193.073752646826,197.425526853506,207.959975361937,209.75784028694,208.222706766703,221.945766200518,226.332766098996,231.758107991539,237.238231372437,233.345714054717,233.052098778988,244.522231526171,242.52102257855,246.864472876777,254.064462239747,240.785261668377,247.123313039681,264.2834415778,268.092024353172,262.114448579184,271.157874347815,263.819731620751,273.572541044291,261.050527515933,269.367026863001,269.00538949863
Productivity by land (11 divided by 24),100,100.740438050319,97.0741936851215,94.5707711939922,101.351266156361,105.924039675621,108.467968152362,111.874632175599,112.091872629258,119.372690302724,117.934609421104,127.493005224535,123.708339979297,125.1111576388,121.530447909107,121.747689892794,124.388377038983,124.020351625845,126.743490854338,127.182937022485,124.174020898262,126.882847769494,127.943442539085,126.83587341932,127.996225495557,128.211346796109,130.328308807669,127.920611126757,121.626909936698,126.386349159633,125.540945789799,126.800987349965,128.287743591069,122.40382771554,122.485999557362,128.184770257575,125.225706682848,127.5512592358,133.808710492787,126.733060706687,128.525215643941,137.798562464228,141.245196505515,135.563102578742,140.037542112853,137.72021884229,142.162101671704,136.635013739576,141.715292400268,144.899441158623
 ,,,,,,,,,,,,,,,,,,,,,,,,,,,,,,,,,,,,,,,,,,,,,,,,,,
Notes:,,,,,,,,,,,,,,,,,,,,,,,,,,,,,,,,,,,,,,,,,,,,,,,,,,
(a) This table presents volume indices for all outputs and inputs as well as Total Factor Productivity and partial productivity indicators.,,,,,,,,,,,,,,,,,,,,,,,,,,,,,,,,,,,,,,,,,,,,,,,,,,
"(b) To increase the usability and transparity of our Total factor productivity data, we have rebased the series to 1973 = 100. This ensures the data presented in all charts and tables is consistent to the same base year.",,,,,,,,,,,,,,,,,,,,,,,,,,,,,,,,,,,,,,,,,,,,,,,,,,
"(c) Potato prices and yield information were previously obtained from the AHDB who stopped producing data midway through in 2021. For 2022 we have estimated yields based on input from sector representatives, devolved administrations and coverage of the sector in the farming press.",,,,,,,,,,,,,,,,,,,,,,,,,,,,,,,,,,,,,,,,,,,,,,,,,,
"(d) We have renamed cattle, sheep, and pigs primarily for meat as beef, mutton and lamb, and pigmeat respectively. The values and classification of these groups has not changed.",,,,,,,,,,,,,,,,,,,,,,,,,,,,,,,,,,,,,,,,,,,,,,,,,,
,,,,,,,,,,,,,,,,,,,,,,,,,,,,,,,,,,,,,,,,,,,,,,,,,,
 Crown copyright 2023,,,,,,,,,,,,,,,,,,,,,,,,,,,,,,,,,,,,,,,,,,,,,,,,,,
